"filename", "language", "Python", "Markdown", "JSON", "comment", "blank", "total"
"/Users/Tom/Documents/GitHub/PropSim/CoolPropFluids6.4.1.json", "JSON", 0, 0, 1, 0, 0, 1
"/Users/Tom/Documents/GitHub/PropSim/PropTools/FlightSimulation/flight.py", "Python", 172, 0, 0, 16, 80, 268
"/Users/Tom/Documents/GitHub/PropSim/PropTools/SubSystems/Body/airframe.py", "Python", 36, 0, 0, 4, 25, 65
"/Users/Tom/Documents/GitHub/PropSim/PropTools/SubSystems/Engine/Cycle/component.py", "Python", 7, 0, 0, 1, 4, 12
"/Users/Tom/Documents/GitHub/PropSim/PropTools/SubSystems/Engine/Cycle/cycle.py", "Python", 49, 0, 0, 0, 46, 95
"/Users/Tom/Documents/GitHub/PropSim/PropTools/SubSystems/Engine/Cycle/cyclediagrams.py", "Python", 88, 0, 0, 20, 54, 162
"/Users/Tom/Documents/GitHub/PropSim/PropTools/SubSystems/Engine/Propellant/propellant.py", "Python", 97, 0, 0, 10, 39, 146
"/Users/Tom/Documents/GitHub/PropSim/PropTools/SubSystems/Engine/Propellant/propellantData.json", "JSON", 0, 0, 114, 0, 0, 114
"/Users/Tom/Documents/GitHub/PropSim/PropTools/SubSystems/Engine/Propellant/template.json", "JSON", 0, 0, 10, 0, 0, 10
"/Users/Tom/Documents/GitHub/PropSim/PropTools/SubSystems/Engine/Propellant/thermoWrapper.py", "Python", 84, 0, 0, 16, 42, 142
"/Users/Tom/Documents/GitHub/PropSim/PropTools/SubSystems/Engine/Tank/tank.py", "Python", 5, 0, 0, 1, 3, 9
"/Users/Tom/Documents/GitHub/PropSim/PropTools/SubSystems/Engine/ThrustChamber/combustionChamber.py", "Python", 72, 0, 0, 4, 48, 124
"/Users/Tom/Documents/GitHub/PropSim/PropTools/SubSystems/Engine/ThrustChamber/nozzle.py", "Python", 108, 0, 0, 12, 60, 180
"/Users/Tom/Documents/GitHub/PropSim/PropTools/SubSystems/Engine/ThrustChamber/quasi1DIsentropicFlow.py", "Python", 45, 0, 0, 4, 41, 90
"/Users/Tom/Documents/GitHub/PropSim/PropTools/SubSystems/Engine/ThrustChamber/regenerativeCooling.py", "Python", 247, 0, 0, 34, 74, 355
"/Users/Tom/Documents/GitHub/PropSim/PropTools/SubSystems/Engine/ThrustChamber/thrustChamber.py", "Python", 202, 0, 0, 16, 80, 298
"/Users/Tom/Documents/GitHub/PropSim/PropTools/SubSystems/Engine/Turbopump/electricMotor.py", "Python", 1, 0, 0, 0, 2, 3
"/Users/Tom/Documents/GitHub/PropSim/PropTools/SubSystems/Engine/Turbopump/pump.py", "Python", 31, 0, 0, 4, 15, 50
"/Users/Tom/Documents/GitHub/PropSim/PropTools/SubSystems/Engine/Turbopump/turbine.py", "Python", 30, 0, 0, 4, 15, 49
"/Users/Tom/Documents/GitHub/PropSim/PropTools/SubSystems/Engine/engine.py", "Python", 31, 0, 0, 2, 17, 50
"/Users/Tom/Documents/GitHub/PropSim/PropTools/Thermo/ceaQuery.py", "Python", 0, 0, 0, 0, 1, 1
"/Users/Tom/Documents/GitHub/PropSim/PropTools/Thermo/dimensionlessNumbers.py", "Python", 4, 0, 0, 0, 3, 7
"/Users/Tom/Documents/GitHub/PropSim/PropTools/Thermo/fluidDynamics.py", "Python", 39, 0, 0, 6, 37, 82
"/Users/Tom/Documents/GitHub/PropSim/PropTools/Thermo/heatTransfer.py", "Python", 52, 0, 0, 6, 45, 103
"/Users/Tom/Documents/GitHub/PropSim/PropTools/Utils/constants.py", "Python", 2, 0, 0, 0, 0, 2
"/Users/Tom/Documents/GitHub/PropSim/PropTools/Utils/fileHandling.py", "Python", 6, 0, 0, 0, 5, 11
"/Users/Tom/Documents/GitHub/PropSim/PropTools/Utils/mathsUtils.py", "Python", 104, 0, 0, 10, 62, 176
"/Users/Tom/Documents/GitHub/PropSim/PropTools/vehicle.py", "Python", 26, 0, 0, 1, 8, 35
"/Users/Tom/Documents/GitHub/PropSim/README.md", "Markdown", 0, 6, 0, 0, 6, 12
"/Users/Tom/Documents/GitHub/PropSim/Scripts/Dimensions.py", "Python", 21, 0, 0, 0, 6, 27
"/Users/Tom/Documents/GitHub/PropSim/Scripts/validation.py", "Python", 100, 0, 0, 1, 16, 117
"/Users/Tom/Documents/GitHub/PropSim/Scripts/vehicleTest.py", "Python", 31, 0, 0, 9, 17, 57
"Total", "-", 1690, 6, 125, 181, 851, 2853